pathway	E1	E3	E4	E5	NS1	NS2	NS3	NS4	NS5	NS6	QS1	QS2	QS3	QS4	QS5	QS6	QS7	QS8	S1	S10	S14	S2	S3	S5	S6	S8	S9
1CMET2-PWY	76.81909222443330	41.786259541984700	25.000000000000000	45.99888300713900	0.0	67.63432168183670	50.24029265655100	8.0	80.42700844218590	99.80965299960620	100.9243264869730	76.57072088499730	30.971354202813600	31.662183208268400	0.0	27.537508542927400	83.0772895712017	18.664648971279900	0.0	12.000000000000000	0.0	0.0	0.0	0.0	8.4	0.0	0.0
ANAEROFRUCAT-PWY	136.10609642855200	32.74387496271350	0.0	49.52721060564160	84.37310521807130	104.72467528974000	72.55760334967950	0.0	259.8611937233020	159.5841280438300	247.59809465002200	120.52141904790200	89.8945230605892	71.09076646777040	0.0	47.07657327628980	129.97458988096800	134.96387661309600	6.882352941176470	0.0	0.0	0.0	0.0	0.0	9.551020408163260	0.0	0.0
ANAGLYCOLYSIS-PWY	148.91375841891800	28.631160572337000	0.0	47.31853715518020	288.900403567336	263.5573934299130	122.76987359361400	0.0	464.6201147512890	435.6374964964460	507.86933829127900	316.1779258892150	253.4081468576530	264.56621682815700	62.590909090909100	61.77747210541250	197.5766247131950	473.748938606701	6.352941176470590	0.0	69.95454545454550	56.52332091125080	1.2272727272727300	0.0	9.818181818181820	0.0	0.0
ARGORNPROST-PWY	56.22783647220950	0.0	0.0	0.0	0.0	85.04570905869010	0.0	0.0	0.0	0.0	30.20475086725000	22.294773474254000	61.916936566436700	0.0	0.0	0.0	0.0	22.922198332474000	0.0	0.0	0.0	38.01652892561980	0.0	0.0	0.0	0.0	0.0
ARGSYN-PWY	154.0948275862070	0.0	0.0	51.26448362720400	246.2608695652170	228.52453380502700	102.50960528754100	0.0	394.6640714619320	364.8868778280540	432.6976520399050	266.32176495699300	219.65632330408400	223.18827320927300	53.21739130434780	52.27703076072940	165.45387453874500	404.8557671541510	0.0	0.0	59.47826086956520	52.855023600809200	1.0434782608695700	0.0	12.255319148936200	0.0	0.0
ARGSYNBSUB-PWY	170.69871080693900	0.0	0.0	48.284697508896800	277.64705882352900	255.2723380639020	114.2359160746740	0.0	447.65944905096900	409.7560975609760	485.60101614562900	298.4731146019100	246.49333519805400	251.05809710917800	60.0	58.16773241515000	184.29099876695400	455.96149972354300	0.0	0.0	67.05882352941180	59.0063233965673	1.1764705882352900	0.0	12.631578947368400	0.0	0.0
ARO-PWY	138.33954493391700	46.0	25.000000000000000	58.36081769131390	238.28734321550700	221.92719562522800	101.34241652527100	9.333333333333330	391.7521291492840	354.6052631578950	426.99228215549400	259.3922811864590	212.8785792563160	214.5624178712220	51.00000000000000	51.69753086419750	163.74566669485100	392.4249146969150	6.000000000000000	14.000000000000000	57.0	49.69774919614150	1.0	0.0	13.263157894736800	0.0	0.0
ASPASN-PWY	0.0	36.372093023255800	25.0	40.02040816326530	0.0	30.44848484848490	26.225742574257400	0.0	26.996712179767100	45.03496503496500	55.76302622609230	40.03707136237260	16.165259226861400	14.475418144956900	0.0	16.514412416851400	46.00797390358830	10.06848691464930	0.0	0.0	0.0	0.0	0.0	0.0	6.0	0.0	0.0
BIOTIN-BIOSYNTHESIS-PWY	0.0	0.0	0.0	0.0	0.0	0.0	0.0	0.0	22.695113346664900	19.109749359122600	0.0	0.0	0.0	0.0	0.0	0.0	0.0	0.0	0.0	0.0	0.0	0.0	0.0	0.0	0.0	0.0	0.0
BRANCHED-CHAIN-AA-SYN-PWY	201.3885328716720	44.78977844914400	29.411764705882400	71.14474994714290	303.4401883469840	296.39519513257900	122.79446898450600	0.0	501.87667798754600	440.14927475003500	560.8600298046720	347.34693550659600	284.03649446895100	273.15299475219400	64.55696202531650	62.516044480920400	198.08858510385900	510.81627343738100	0.0	0.0	72.15189873417720	77.79328962081260	1.2658227848101300	0.0	10.285714285714300	0.0	0.0
CALVIN-PWY	155.93220291073800	55.709065599443200	27.272727272727300	60.363136176066000	263.487250172295	233.95802532981800	106.27100409836100	8.727272727272730	432.3610994285760	380.0	460.98603552453700	277.28430168934700	228.34228917316200	232.03855611291400	55.63636363636360	54.1350457782299	171.46462715105200	427.5609084038950	8.0	13.090909090909100	62.18181818181820	45.52348106284690	1.0909090909090900	0.0	12.705882352941200	0.0	0.0
COA-PWY	143.0	46.0	25.0	53.0	236.0	212.0	98.50000000000000	8.0	381.5	350.0	413.0	254.0	205.75000000000000	214.00000000000000	51.0	50.25	159.0	386.50000000000000	6.0	12.0	57.0	46.0	1.0	0.0	12.0	0.0	0.0
COBALSYN-PWY	117.22360504834400	39.91304347826090	29.347826086956500	61.61788617886180	264.5732667168570	216.89529078517600	109.55426458938500	9.094736842105260	424.76625188347500	384.34172185430500	457.8042366472840	279.38353002204600	218.1317817638030	239.87666263603400	57.375	55.80503364502320	176.7595269382390	430.80593847875600	0.0	13.642105263157900	64.125	31.744192700173000	1.1250000000000000	0.0	13.090909090909100	0.0	0.0
COLANSYN-PWY	0.0	0.0	0.0	0.0	0.0	0.0	0.0	0.0	52.22629135121730	0.0	0.0	0.0	0.0	0.0	0.0	0.0	0.0	0.0	0.0	0.0	0.0	0.0	0.0	0.0	0.0	0.0	0.0
COMPLETE-ARO-PWY	142.38237464513300	48.58085808580860	26.666666666666700	61.04326053693140	240.03216080402000	223.59382281158100	103.3510422523790	9.846153846153850	395.99718557659300	358.13953488372100	429.39474549772900	259.7154036789880	213.20276379670300	214.9861751152070	51.0	52.83911671924290	167.09335346554800	392.37174998925400	6.0	14.76923076923080	57.0	49.20334261838440	1.0	0.0	14.048780487804900	0.0	0.0
DAPLYSINESYN-PWY	149.03486785877700	35.877655055225200	0.0	37.3100434934093	269.70151197711100	241.09172908343700	110.65470680617000	0.0	443.03786416955900	392.13129496402900	477.0665667811810	289.99378780664400	236.84728978628000	241.6450790091990	57.375	58.55494160900520	180.72979209104500	440.4682543983810	0.0	0.0	64.125	52.23216492418750	1.125	0.0	0.0	0.0	0.0
DENITRIFICATION-PWY	0.0	0.0	0.0	0.0	0.0	0.0	0.0	0.0	0.0	9.272727272727270	0.0	0.0	0.0	0.0	0.0	0.0	0.0	0.0	0.0	0.0	0.0	0.0	0.0	0.0	0.0	0.0	0.0
DENOVOPURINE2-PWY	124.1689164447860	46.99879540041090	26.744186046511600	56.95899446528560	0.0	94.51670144489390	57.42748845439620	8.55813953488372	137.07423884059500	68.39754993875920	155.31842351153500	71.8571197340312	78.8766674343957	39.42902755629480	0.0	44.71498790637750	111.74489004933000	56.1416456240301	0.0	12.837209302325600	0.0	0.0	0.0	0.0	11.420689655172400	0.0	0.0
DTDPRHAMSYN-PWY	189.8800754854810	0.0	0.0	18.285714285714300	268.28232354778300	278.1624201659610	110.63520000000000	0.0	432.7614142300100	397.01492537313400	487.4297794776170	296.2395856789010	255.81453042410100	243.7384196185290	58.28571428571430	56.31190476190480	178.4597014925370	455.18482601042200	0.0	0.0	65.14285714285720	80.88120727460340	1.1428571428571400	0.0	6.857142857142860	0.0	0.0
ENTBACSYN-PWY	0.0	0.0	0.0	30.399925577933900	0.0	0.0	0.0	0.0	74.95373987417250	0.0	55.81381364828740	35.227872602498700	25.769692695619500	0.0	0.0	0.0	0.0	20.01892347519540	0.0	0.0	0.0	0.0	0.0	0.0	0.0	0.0	0.0
FAO-PWY	180.05905864888400	0.0	0.0	22.87364620938630	479.1073655007140	349.5553412864810	175.73139407441100	0.0	727.448585349099	685.1751971094430	764.649962314261	449.6607038287470	365.2002037472400	417.8360184017480	104.31818181818200	78.24192567620240	274.1264948212500	761.8423971822610	0.0	0.0	116.5909090909090	48.83037116007810	2.0454545454545500	0.0	0.0	0.0	0.0
FASYN-ELONG-PWY	71.76829268292680	0.0	0.0	43.38358715128020	0.0	104.98019886283000	0.0	0.0	19.702857611964800	27.345562901573700	31.274317255858100	23.369949957280600	71.92660550458720	0.0	0.0	0.0	0.0	23.59138391131970	0.0	0.0	0.0	60.92715231788080	0.0	0.0	11.52	0.0	0.0
FASYN-INITIAL-PWY	0.0	0.0	0.0	0.0	0.0	0.0	0.0	0.0	24.445429639185900	33.80078160501680	0.0	0.0	0.0	0.0	0.0	0.0	0.0	0.0	0.0	0.0	0.0	0.0	0.0	0.0	0.0	0.0	0.0
FERMENTATION-PWY	0.0	0.0	0.0	0.0	0.0	0.0	0.0	0.0	0.0	37.995018490219000	37.98013842364370	0.0	42.39643370780490	10.419671326381600	0.0	20.43359667148020	35.95266118868560	0.0	0.0	0.0	0.0	0.0	0.0	0.0	0.0	0.0	0.0
FOLSYN-PWY	0.0	0.0	0.0	45.34928669227400	0.0	88.63313821392650	62.58127024033190	0.0	109.01360964987300	132.50478011472300	135.1419626747820	100.23264131062400	42.95254209194780	43.961430712989900	0.0	33.951826490709800	103.16769190482400	26.899496571945700	0.0	0.0	0.0	0.0	0.0	0.0	0.0	0.0	0.0
GLCMANNANAUT-PWY	26.37546468401490	0.0	0.0	0.0	0.0	41.99166886262750	0.0	0.0	0.0	0.0	14.486440979628300	12.27046507636860	29.127926833896200	0.0	0.0	0.0	0.0	8.481702447503170	0.0	0.0	0.0	28.72168284789640	0.0	0.0	0.0	0.0	0.0
GLUCONEO-PWY	152.2184120602380	47.16021508570750	25.0	61.14154619736020	98.70383016579570	0.0	0.0	8.533333333333330	291.13496246119700	91.16858027060770	280.8405217724360	117.13701772899800	53.22911657167680	0.0	0.0	0.0	0.0	158.17261344579700	0.0	12.8	0.0	0.0	0.0	0.0	10.285714285714300	0.0	0.0
GLUCOSE1PMETAB-PWY	0.0	0.0	0.0	0.0	0.0	20.37037037037040	12.688524590163900	0.0	20.337209302325600	0.0	26.16393442622950	29.7	14.686708860759500	10.0	0.0	12.250000000000000	26.526315789473700	7.4411764705882400	0.0	0.0	0.0	0.0	0.0	0.0	0.0	0.0	0.0
GLUCUROCAT-PWY	0.0	0.0	0.0	19.862068965517200	0.0	0.0	0.0	0.0	23.510174795208600	0.0	90.9832614011648	32.066403884150600	14.274388998035400	0.0	0.0	0.0	0.0	41.04978745623840	0.0	0.0	0.0	0.0	0.0	0.0	0.0	0.0	0.0
GLUTORN-PWY	156.3867016622920	0.0	0.0	41.98019801980200	262.22222222222200	233.9955849889630	107.97470331043100	0.0	422.8504083147740	387.09677419354800	456.7104160848920	280.4729109274560	227.9963108536750	237.1474019088020	56.666666666666700	54.98527588344700	174.1958041958040	429.10277737595800	0.0	0.0	63.333333333333300	51.11111111111110	1.1111111111111100	0.0	12.000000000000000	0.0	0.0
GLYCOCAT-PWY	25.918505395393800	0.0	0.0	0.0	0.0	57.73468124613160	35.295833333333300	0.0	49.55759803921570	57.14285714285710	68.88961569910060	53.181529784984100	27.41639869074620	19.107142857142900	0.0	19.698	58.70769230769230	14.601239360907900	0.0	0.0	0.0	0.0	0.0	0.0	6.857142857142860	0.0	0.0
GLYCOGENSYNTH-PWY	12.658737650242300	14.081632653061200	0.0	0.0	0.0	33.80690055088430	25.484356197352600	0.0	46.534828759161700	36.08247422680410	43.68104520945670	34.39945280437760	14.443936451176700	12.355658198614300	0.0	14.432883939038700	42.589285714285700	7.874035720612630	6.000000000000000	0.0	0.0	0.0	0.0	0.0	6.666666666666670	0.0	0.0
GLYCOLYSIS	133.04465546150400	46.48219723588660	25.0	57.59093002144480	265.64685212298700	238.40049783599300	114.3387494594540	8.470588235294120	431.3028261408500	399.75634509064100	470.4213073977030	287.8000213413660	230.2298139875160	241.87733711063200	57.375	57.57532295662320	184.02558602618700	435.2389453258950	6.680412371134020	12.705882352941200	64.125	45.576450030244000	1.125	0.0	11.571428571428600	0.0	0.0
GLYCOLYSIS-E-D	118.45729314940700	27.935263007568300	0.0	39.22840357923840	81.24939018682030	0.0	0.0	0.0	242.9444571872820	41.383821044594900	234.37050585263400	97.25335777677910	43.63884863782690	0.0	0.0	0.0	0.0	130.3776741517330	0.0	0.0	0.0	0.0	0.0	0.0	0.0	0.0	0.0
GLYCOLYSIS-TCA-GLYOX-BYPASS	103.11730871570700	0.0	0.0	35.72510780605970	79.79836957393460	111.20978736972400	55.2907945601756	0.0	251.5563875370740	135.30046046884300	252.9957375844390	101.25458357752700	60.55288574081880	0.0	0.0	0.0	76.46352319728850	134.12756222381400	0.0	0.0	0.0	0.0	0.0	0.0	0.0	0.0	0.0
GLYOXYLATE-BYPASS	141.4327215106300	0.0	0.0	22.58823529411770	282.50498051104400	243.26869350862800	109.71213204036600	0.0	453.1052135799080	412.01201201201200	507.3071388648830	299.01981704331000	244.84105998435500	248.92378652236300	61.200000000000000	49.71855040893010	172.0341493161430	470.79175305233000	0.0	0.0	68.4	55.200000000000000	1.2000000000000000	0.0	0.0	0.0	0.0
HEME-BIOSYNTHESIS-II	107.00000000000000	34.0	25.0	53.0	236.0	212.0	98.50000000000000	8.0	376.43359893758300	346.4646464646470	413.0	258.497670083877	205.75000000000000	215.46910755148700	51.0	50.25	159.0	386.50000000000000	0.0	12.0	57.0	46.0	1.0	0.0	12.0	0.0	0.0
HEMESYN2-PWY	107.00000000000000	41.23404255319150	30.0	62.036866359447000	236.0	212.0	98.50000000000000	9.600000000000000	383.9517994858610	353.3980582524270	413.0	258.497670083877	205.75000000000000	215.46910755148700	51.0	50.25	159.0	386.50000000000000	0.0	14.400000000000000	57.0	46.0	1.0	0.0	13.714285714285700	0.0	0.0
HISDEG-PWY	107.00000000000000	0.0	0.0	16.0	236.0	200.5	86.0	8.0	371.5	315.0	391.5	244.1308793456030	196.00000000000000	206.95652173913000	51.0	43.5	137.0	386.50000000000000	0.0	12.0	57.0	46.0	1.0	0.0	6.857142857142860	0.0	0.0
HISTSYN-PWY	138.50529038208000	34.0	26.923076923076900	49.54333149335490	254.83533123028400	229.25241379310300	106.88595246541300	8.0	410.42595395136200	375.40682494383400	448.3940514199290	273.94527067221900	222.2839775280900	230.3783393501810	54.92307692307690	54.571465428276600	172.580814717477	417.52663090334300	0.0	12.000000000000000	61.38461538461540	49.53846153846150	1.0769230769230800	0.0	12.000000000000000	0.0	0.0
HOMOSER-METSYN-PWY	160.03740291742800	34.0	25.0	49.678986660139500	347.50809061488700	299.3405461782700	137.26022032261500	8.0	537.7513622076230	506.50259067357500	599.81147644659	363.7178007061630	297.04559150146700	314.4872803201670	76.5	66.18377382228640	218.06938260753300	575.483809573096	0.0	12.0	85.5	63.11262798634810	1.5	0.0	7.200000000000000	0.0	0.0
HSERMETANA-PWY	156.41827912721300	21.10344827586210	0.0	43.48717948717950	281.0994764397910	227.36471562672600	119.20230163537200	8.0	445.87467438494900	425.1507840772020	491.0426110607430	291.3566433566430	222.95993546652300	254.30679611650500	61.2	56.64771322620520	189.0615034168570	455.99682959048900	0.0	12.0	68.4	27.23225806451610	1.2	0.0	9.0	0.0	0.0
ILEUSYN-PWY	212.03369530501400	46.48073154800780	30.769230769230800	74.62837551131250	300.75762823612200	308.64194391325700	121.97613019891500	0.0	501.11507899407300	435.7615894039740	567.3832855376	355.55756029916900	291.685743374572	269.3097189373520	63.75	62.14702702702700	196.8162162162160	511.2897543540230	0.0	0.0	71.25000000000000	90.61821404830490	1.25	0.0	13.714285714285700	0.0	0.0
LEU-DEG2-PWY	98.61832161398440	0.0	0.0	18.596491228070200	236.0	177.88563575121800	82.93729725767140	0.0	364.0470921369500	326.87420584498100	384.7536445294130	231.86603164085100	188.1313626678390	207.01107011070100	51.0	39.94769874476990	131.83592719599000	379.58032124436500	0.0	0.0	57.0	27.9828641370869	1.0	0.0	0.0	0.0	0.0
MET-SAM-PWY	149.63979557420000	39.95620437956200	25.000000000000000	51.6362099983645	263.14020654647300	239.36398137503600	108.46226940733300	8.0	423.5780594501280	387.65295717199200	470.15620596498800	286.0607367699240	232.98863276990400	238.56682374371400	57.120000000000000	54.5589359860644	174.37544202006400	437.74494480356300	0.0	12.000000000000000	63.84	53.745754385964900	1.12	0.0	8.842105263157900	0.0	0.0
METH-ACETATE-PWY	35.12195121951220	0.0	0.0	0.0	0.0	0.0	0.0	0.0	0.0	0.0	0.0	0.0	0.0	0.0	0.0	0.0	0.0	0.0	0.0	0.0	0.0	0.0	0.0	0.0	0.0	0.0	0.0
METHANOGENESIS-PWY	63.29936842105260	0.0	0.0	0.0	0.0	0.0	0.0	0.0	0.0	0.0	0.0	0.0	0.0	0.0	0.0	0.0	0.0	0.0	0.0	0.0	0.0	0.0	0.0	0.0	0.0	0.0	0.0
NAD-BIOSYNTHESIS-II	58.30124575311440	0.0	0.0	0.0	0.0	0.0	0.0	0.0	0.0	0.0	0.0	0.0	0.0	0.0	0.0	0.0	0.0	0.0	0.0	0.0	0.0	0.0	0.0	0.0	0.0	0.0	0.0
NAGLIPASYN-PWY	0.0	34.0	25.0	37.0	0.0	0.0	0.0	8.0	12.397372742200300	8.702702702702700	0.0	0.0	0.0	0.0	0.0	0.0	0.0	0.0	0.0	12.000000000000000	0.0	0.0	0.0	0.0	6.000000000000000	0.0	0.0
NONMEVIPP-PWY	107.00000000000000	30.238697485099600	0.0	59.18843930635840	236.00000000000000	212.0	98.5	8.0	385.93846573350300	350.0	429.2314410480350	259.6654275092940	207.97394865732100	214.00000000000000	51.00000000000000	50.25000000000000	159.0	393.8476500616090	0.0	12.000000000000000	57.0	46.0	1.0	0.0	12.000000000000000	0.0	0.0
NONOXIPENT-PWY	141.5054285958540	58.41269841269840	33.33333333333330	73.50753768844220	269.13842119309800	254.29511892015300	104.21552373775400	10.666666666666700	458.3903535441280	372.2991689750690	479.91801014329200	288.0537206939860	242.68999435309000	228.1231929604020	54.4	53.10853293413170	168.16877637130800	432.99722338613800	6.0	16.000000000000000	60.800000000000000	65.67635960044400	1.0666666666666700	0.0	14.400000000000000	0.0	0.0
OANTIGEN-PWY	153.45556881862300	0.0	0.0	26.93860638567250	261.6790544657	243.5060102514360	107.97470331043100	0.0	421.81809608061800	387.4671541185880	463.3081477180330	281.0517962687110	234.32671324636900	234.59863623741400	56.66666666666670	53.179358220219000	172.455591655786	433.5471544102490	0.0	0.0	63.333333333333300	56.60107592880100	1.1111111111111100	0.0	8.0	0.0	0.0
P101-PWY	106.69803271695100	0.0	0.0	22.198952879581200	236.0	181.8713232729560	84.36596218020020	0.0	365.1455918037210	328.125	388.4408390691580	234.42178347511300	190.94018013752400	207.88571428571400	51.0	42.1058434399118	135.24896265560200	380.7304841902340	0.0	0.0	57.0	31.161290322580600	1.0	0.0	0.0	0.0	0.0
P105-PWY	217.99556966043400	0.0	0.0	34.61460034861920	415.1371783240880	354.9236227779750	166.24337340884800	0.0	652.1917262823400	609.1272660986340	718.136217902608	437.3512792167130	354.56119581004400	376.9197135637920	90.89108910891090	84.25379979138340	267.7865403101380	683.9748904090180	0.0	0.0	101.58415841584200	70.02771757059660	1.7821782178217800	0.0	0.0	0.0	0.0
P108-PWY	176.10993046379600	0.0	0.0	36.762599883380000	347.15149453633200	303.8750538162250	140.66842134570800	0.0	550.0177743120360	503.22542163543600	599.9627199828710	368.62212311929700	298.64173349125000	312.9472562250070	74.93877551020410	71.49762086652840	226.80325175276400	566.4021073679100	0.0	0.0	83.75510204081630	64.63850859306730	1.469387755102040	0.0	11.550802139037400	0.0	0.0
P124-PWY	69.84256445534840	0.0	0.0	24.57971014492750	51.209320173755200	84.09263182762510	0.0	0.0	165.84610366199000	0.0	184.74008970543000	77.060225941229	76.94728764885180	0.0	0.0	0.0	0.0	97.32044314621540	0.0	0.0	0.0	45.00397570300360	0.0	0.0	0.0	0.0	0.0
P125-PWY	26.21366698748800	0.0	0.0	0.0	0.0	36.9525852821283	0.0	0.0	0.0	9.872468117029260	11.322692881206200	7.570964627402790	23.901183736490000	0.0	0.0	0.0	0.0	7.195528413207740	0.0	0.0	0.0	29.18918918918920	0.0	0.0	0.0	0.0	0.0
P161-PWY	56.43564356435640	16.0	0.0	26.666666666666700	33.503009458297500	103.51554126473700	40.72570725707260	0.0	140.87673561915600	68.49137931034480	82.16964980544750	64.14638297872340	57.69282797345580	19.807692307692300	0.0	23.063995215311000	68.06079027355620	22.86111840378050	8.0	0.0	0.0	37.61194029850750	0.0	0.0	0.0	0.0	0.0
P221-PWY	132.64669558560900	0.0	0.0	0.0	366.7524791333080	265.49657819078700	128.39794582620100	0.0	499.3838614190190	523.1578947368420	528.776464456962	339.07274145498400	283.7393580856670	338.1402287419200	84.41379310344830	63.320272221076500	205.07768093975000	585.1695371274830	0.0	0.0	94.3448275862069	37.310223322698900	1.6551724137931000	0.0	0.0	0.0	0.0
P23-PWY	116.37430446621500	0.0	0.0	0.0	0.0	0.0	0.0	0.0	0.0	0.0	0.0	81.65020215156310	0.0	0.0	0.0	0.0	0.0	0.0	0.0	0.0	0.0	0.0	0.0	0.0	0.0	0.0	0.0
P241-PWY	50.4	0.0	0.0	0.0	0.0	0.0	0.0	0.0	0.0	0.0	0.0	0.0	0.0	0.0	0.0	0.0	0.0	0.0	0.0	0.0	0.0	0.0	0.0	0.0	0.0	0.0	0.0
P261-PWY	47.28358208955230	0.0	0.0	0.0	0.0	0.0	0.0	0.0	0.0	0.0	0.0	0.0	0.0	0.0	0.0	0.0	0.0	0.0	0.0	0.0	0.0	0.0	0.0	0.0	0.0	0.0	0.0
P4-PWY	149.65003191593700	33.65702757229320	0.0	42.00960881228130	278.30215839586100	236.67376970250000	109.56232360193700	0.0	434.31181050017400	406.21261139282500	468.93489496876600	286.90499880779000	237.55519835260000	250.83087250773800	60.44444444444440	56.07354964772210	177.26960173350000	452.9942637095310	0.0	0.0	67.55555555555560	46.01820583003170	1.1851851851851900	0.0	0.0	0.0	0.0
P42-PWY	225.23320400037700	0.0	0.0	53.00287900980440	354.4935570009400	274.2440392291090	128.6443602813450	0.0	528.2788214111180	507.6571588042640	599.6638110919600	374.34508787653700	298.9390475647400	329.4274031259430	79.33333333333330	69.08309858998680	211.5402234840320	589.0507629518980	0.0	0.0	88.66666666666670	44.96702315079030	1.5555555555555600	0.0	11.886792452830200	0.0	0.0
P441-PWY	0.0	0.0	0.0	0.0	0.0	0.0	0.0	0.0	0.0	0.0	29.264799592420300	0.0	35.963566154048100	0.0	0.0	0.0	0.0	0.0	0.0	0.0	0.0	0.0	0.0	0.0	0.0	0.0	0.0
P562-PWY	107.0	0.0	0.0	16.0	236.00000000000000	188.00000000000000	77.00000000000000	0.0	355.00000000000000	315.00000000000000	379.00000000000000	248.97517504774000	196.00000000000000	210.9767441860470	51.0	38.0	123.00000000000000	381.0	0.0	0.0	57.0	46.0	1.0	0.0	0.0	0.0	0.0
PANTO-PWY	122.28571428571400	18.36399217221140	0.0	25.258795596805500	269.7142857142860	240.22662889518400	110.63520000000000	0.0	433.77035893477400	397.01492537313400	471.196272441435	269.45172824791400	237.38849859082500	239.16707323402700	58.28571428571430	58.24425650497390	180.59659339059500	441.26255113425100	0.0	0.0	65.14285714285720	52.57142857142860	1.1428571428571400	0.0	8.000000000000000	0.0	0.0
PANTOSYN-PWY	128.51983201119900	26.9311224489796	0.0	35.61531178141490	249.88235294117600	220.4426272705420	101.17124830391000	0.0	398.8545397367130	369.44444444444400	432.0878800794390	256.0583071110420	216.1648062324690	222.70321557667300	54.000000000000000	49.721182689943500	162.1344381080340	407.6787071264220	0.0	0.0	60.352941176470600	48.70588235294120	1.0588235294117600	0.0	9.000000000000000	0.0	0.0
PENTOSE-P-PWY	129.01090133306600	23.51437699680510	0.0	34.85320725215000	253.75337491405800	239.56277211394500	101.27718784328100	9.142857142857140	423.4735847828880	360.8053691275170	454.06083133808000	274.299628671479	229.15925210638100	220.83602068755700	52.64516129032260	51.63973799126640	163.4559125085440	413.5619430585350	6.0	13.714285714285700	58.83870967741940	60.35367684344950	1.032258064516130	0.0	10.285714285714300	0.0	0.0
PEPTIDOGLYCANSYN-PWY	135.09709159491600	50.211724851792600	25.000000000000000	54.25816023738870	248.42105263157900	225.47367591769900	103.01996424314700	8.0	400.8199001426530	367.4033149171270	434.6241934083970	267.7934211380000	218.33618976448300	225.151364764268	53.6842105263158	52.51110124333930	166.25139043381500	407.3439342229100	6.666666666666670	12.0	60.0	50.28483448806780	1.0526315789473700	0.0	12.0	0.0	0.0
PHOSLIPSYN-PWY	0.0	47.39393939393940	27.777777777777800	61.06348683005460	0.0	0.0	0.0	8.88888888888889	86.98929305025800	62.8761230979892	0.0	0.0	0.0	0.0	0.0	0.0	0.0	0.0	6.666666666666670	13.333333333333300	0.0	0.0	0.0	0.0	11.111111111111100	0.0	0.0
POLYISOPRENSYN-PWY	105.98176261584700	42.27027027027030	25.0	57.61666090563430	56.36505490539060	123.7135278514590	51.96932515337420	8.0	204.67735181297600	90.3225806451613	255.49812533476200	101.87139483566300	99.08470683623320	15.150442477876100	0.0	28.30172413793100	85.75280898876410	120.83992247883400	6.0	12.0	0.0	38.01652892561980	0.0	0.0	12.0	0.0	0.0
PPGPPMET-PWY	0.0	0.0	0.0	0.0	0.0	0.0	0.0	0.0	0.0	17.072329523058700	0.0	0.0	0.0	0.0	0.0	0.0	0.0	0.0	0.0	0.0	0.0	0.0	0.0	0.0	0.0	0.0	0.0
PROTOCATECHUATE-ORTHO-CLEAVAGE-PWY	15.168795775847400	0.0	0.0	36.953974895397500	32.23670791631160	0.0	0.0	0.0	126.86238816135700	0.0	207.19372545794700	74.63829414980860	30.10926750303520	0.0	0.0	0.0	0.0	97.92556790720150	0.0	0.0	0.0	0.0	0.0	0.0	0.0	0.0	0.0
PRPP-PWY	0.0	0.0	0.0	47.46803303861870	0.0	0.0	0.0	0.0	0.0	0.0	0.0	0.0	0.0	0.0	0.0	0.0	0.0	0.0	0.0	0.0	0.0	0.0	0.0	0.0	0.0	0.0	0.0
PWY-1269	0.0	34.0	25.0	37.0	0.0	0.0	0.0	8.0	10.0	7.0	0.0	0.0	0.0	0.0	0.0	0.0	0.0	0.0	0.0	12.0	0.0	0.0	0.0	0.0	6.0	0.0	0.0
PWY-1861	120.77728226251300	0.0	0.0	0.0	0.0	0.0	0.0	0.0	0.0	0.0	0.0	0.0	0.0	0.0	0.0	0.0	0.0	0.0	0.0	0.0	0.0	0.0	0.0	0.0	0.0	0.0	0.0
PWY-2942	172.89094672438700	46.0	25.000000000000000	61.630758046394800	290.43931734153900	255.95211823060700	115.99314003600500	8.727272727272730	477.73500067165800	415.625	512.4761466638020	310.1682787471060	253.8257641758790	257.3808687205300	61.2	61.28652284511270	189.49008015145000	472.1756372109780	6.000000000000000	13.090909090909100	68.4	56.02752090894750	1.2	0.0	12.705882352941200	0.0	0.0
PWY-3001	163.74907227603600	44.61008024072220	27.02702702702700	61.56449219560750	273.1879878580220	252.22804525580900	112.0413927774650	0.0	445.5110655855840	400.49974372116900	488.6371713431000	299.69949280418500	244.29316531793900	246.24708437138400	58.62068965517240	57.07846300802990	180.77896971905800	452.4386090072270	0.0	0.0	65.51724137931040	58.35630920267320	1.149425287356320	0.0	10.434782608695700	0.0	0.0
PWY-3781	487.9752878404940	0.0	0.0	93.52375780613630	1110.5882352941200	929.37170286213	413.16890118938000	0.0	1746.8339150800800	1570.6984514511200	1862.5472554366200	1121.6007956710800	935.4466078347010	982.5849839667980	240.0	207.67313878529200	663.815128462753	1804.004693294420	0.0	0.0	268.2352941176470	198.1442600745010	4.705882352941180	0.0	10.252427184466000	0.0	0.0
PWY-4984	57.66129032258070	0.0	0.0	27.532467532467500	38.35564053537290	64.04892917301680	0.0	8.0	141.51671964721000	0.0	141.29512121982100	58.27896821765220	58.42569517055950	0.0	0.0	0.0	0.0	73.17593374885250	0.0	12.000000000000000	0.0	36.34704415954420	0.0	0.0	8.571428571428570	0.0	0.0
PWY-5005	0.0	0.0	0.0	25.561551703068500	0.0	0.0	0.0	0.0	0.0	0.0	15.24959736444130	0.0	21.8194278165115	9.350581842116360	0.0	13.491727417070000	15.76103089939070	0.0	0.0	0.0	0.0	0.0	0.0	0.0	0.0	0.0	0.0
PWY-5022	135.3127147766320	0.0	0.0	0.0	0.0	243.3771106941840	0.0	0.0	0.0	0.0	518.2987067167290	305.92816091954000	260.83141271873700	0.0	0.0	0.0	0.0	512.5824742268040	0.0	0.0	0.0	54.54867256637170	0.0	0.0	0.0	0.0	0.0
PWY-5097	167.8779294948850	41.786259541984700	25.000000000000000	60.22960666537490	281.17363879994900	248.5895591375420	113.1231203328960	8.615384615384620	461.11800334471900	404.7826086956520	495.42897764220600	300.66990363014200	245.62670730674100	250.1371005489360	59.5	59.42209275500600	184.43750660314500	457.6821212694400	0.0	12.923076923076900	66.5	54.33544087939760	1.1666666666666700	0.0	12.600000000000000	0.0	0.0
PWY-5100	37.40259740259740	48.509090909090900	25.0	40.02040816326530	0.0	33.41772151898730	21.5	9.142857142857140	27.39899659219990	36.52173913043480	48.35820895522390	32.54794520547950	24.590020702480800	10.769230769230800	0.0	13.44404332129960	37.52727272727270	8.393364928909950	6.857142857142860	13.714285714285700	0.0	0.0	0.0	0.0	13.090909090909100	0.0	0.0
PWY-5101	236.54470548936600	49.6213653162262	33.333333333333300	79.3236826533116	347.25485238402400	349.28360507841600	140.282737234685	0.0	573.0929030515010	503.4632731958760	645.7120752369700	404.81705890086700	332.19983603348600	311.5466740252750	73.91304347826090	71.39876797234760	226.27937880560900	587.9525417130700	0.0	0.0	82.60869565217390	96.89185863289310	1.4492753623188400	0.0	10.0	0.0	0.0
PWY-5103	186.63447752382600	43.30169161494460	29.41176470588240	68.99707495888620	285.1109270336620	273.54187179235900	116.42640154653400	0.0	471.54550971794600	415.4040404040400	525.3631587531940	321.756058566281	263.09911895476700	256.07296765825700	60.714285714285700	59.33732452518580	187.87925696594400	478.4585480732380	0.0	0.0	67.85714285714290	67.99484151539160	1.1904761904761900	0.0	9.230769230769230	0.0	0.0
PWY-5104	187.31356004932900	43.30169161494460	29.41176470588240	56.315790493961600	0.0	0.0	0.0	0.0	38.35503936399020	0.0	137.284781436621	48.589069427833200	19.28389562671880	14.555480422335000	0.0	0.0	0.0	63.01224551316920	0.0	0.0	0.0	0.0	0.0	0.0	9.72972972972973	0.0	0.0
PWY-5121	116.23741007194200	28.944155844155800	0.0	63.794602460889800	240.40556368960500	212.00000000000000	98.50000000000000	8.0	402.610385746604	348.70609981515700	452.7608207392740	268.0971050950230	211.34712075901100	214.0	51.00000000000000	50.250000000000000	159.0	404.84139102834100	0.0	12.000000000000000	57.0	46.00000000000000	1.0	0.0	12.000000000000000	0.0	0.0
PWY-5177	0.0	0.0	0.0	28.66687474918630	0.0	0.0	0.0	0.0	0.0	0.0	0.0	0.0	0.0	0.0	0.0	0.0	0.0	0.0	0.0	0.0	0.0	0.0	0.0	0.0	0.0	0.0	0.0
PWY-5188	157.3220031703380	34.0	25.000000000000000	58.98014040857630	260.6387777373590	237.96789722835600	109.80870646930800	8.0	431.4813181417150	385.1626742938860	476.01205657827700	292.50799694079600	230.97183555871900	236.02740995409200	55.63636363636360	56.10967243986230	177.34931694404700	432.7185391768600	0.0	12.000000000000000	62.18181818181820	51.7391235813367	1.0909090909090900	0.0	12.000000000000000	0.0	0.0
PWY-5189	149.48036253776400	34.0	25.0	58.506493506493500	240.03216080402000	218.98405951115800	98.50000000000000	8.0	398.59500850822500	350.0	439.94352482960100	269.3915135298540	213.70596133190100	215.4691075514870	51.0	50.25	159.0	399.9356894553880	0.0	12.0	57.0	50.440154440154400	1.0	0.0	12.0	0.0	0.0
PWY-5198	95.77674418604650	0.0	0.0	0.0	0.0	0.0	0.0	0.0	0.0	0.0	0.0	0.0	0.0	0.0	0.0	0.0	0.0	0.0	0.0	0.0	0.0	0.0	0.0	0.0	0.0	0.0	0.0
PWY-5304	30.0	0.0	0.0	0.0	17.0	31.0	0.0	0.0	47.0	0.0	8.0	6.0	20.0	0.0	0.0	0.0	0.0	6.0	0.0	0.0	0.0	25.0	0.0	0.0	0.0	0.0	0.0
PWY-5345	86.03748026486730	0.0	0.0	28.424385925178600	72.39059355402960	104.28912869790900	0.0	0.0	205.06385851491400	66.31451815917970	227.49383631284600	102.25881243611200	97.46970770371960	0.0	0.0	0.0	0.0	134.79006988556600	0.0	0.0	0.0	32.26704498388800	0.0	0.0	0.0	0.0	0.0
PWY-5347	148.4063860741870	38.27972027972030	25.000000000000000	48.604864781649300	266.7694222469990	217.4261061121110	102.73737804114900	0.0	396.1389927690760	393.47666299154700	428.4570647503200	267.97162664371200	220.6478730300140	243.9955102465890	59.50000000000000	50.812674368774100	164.3351870602970	433.845509927584	0.0	0.0	66.5	37.58380687709980	1.1666666666666700	0.0	8.4	0.0	0.0
PWY-5384	0.0	0.0	0.0	0.0	0.0	23.53286384976530	16.294736842105300	0.0	31.63190954773870	0.0	36.24116930572470	48.811387900355900	18.575941676792200	19.09090909090910	0.0	19.116591928251100	36.41772151898730	10.845663265306100	0.0	0.0	0.0	0.0	0.0	0.0	0.0	0.0	0.0
PWY-5484	141.20870274810400	44.710466033272000	25.0	57.59093002144480	282.6626078012480	251.78596691816500	121.19711425806700	8.470588235294120	456.94317270538200	423.8814760884070	500.38949319110600	306.5499738454100	244.22924888251900	257.9200353159730	61.20000000000000	60.91456448849450	194.96118924385600	463.81777848423100	6.68041237113402	12.705882352941200	68.4	47.205277949495800	1.2	0.0	10.451612903225800	0.0	0.0
PWY-5505	140.96327908285	35.54545454545450	25.000000000000000	57.422496682936500	310.6357226645890	268.31001598254800	114.06036441736300	9.6	457.3829948314270	449.566055930569	524.4602083628070	329.31787548915500	274.4104052551020	288.1705692046130	70.61538461538460	56.5674409899693	182.52319405642700	521.2851688321590	0.0	14.400000000000000	78.92307692307690	62.626506024096400	1.3846153846153800	0.0	9.818181818181820	0.0	0.0
PWY-5509	0.0	39.230769230769200	28.846153846153800	51.70958906208490	0.0	0.0	0.0	8.944099378881990	0.0	0.0	0.0	0.0	0.0	0.0	0.0	0.0	0.0	0.0	0.0	13.416149068323000	0.0	0.0	0.0	0.0	9.270386266094420	0.0	0.0
PWY-5659	146.85043988269800	0.0	0.0	35.518324607329800	312.7193301783760	271.1674550614950	128.70544439274100	0.0	509.9277330605240	467.0169741697420	587.7679824714230	348.6332770712520	274.77306730646100	284.6376700573790	68.0	66.16333011633370	208.31555360187000	533.1126937372340	0.0	0.0	76.0	52.57142857142860	1.3333333333333300	0.0	6.857142857142860	0.0	0.0
PWY-5667	128.4	52.57142857142860	28.57142857142860	63.47788832294000	283.2	252.34008097166000	116.22079439252300	9.142857142857140	456.0198046663050	420.10441700505500	492.7386653082020	303.3396303901440	246.09717358679300	256.22878932316500	61.200000000000000	59.1520979020979	187.4672489082970	463.3562108559500	6.857142857142860	13.714285714285700	68.4	55.200000000000000	1.2	0.0	14.117647058823500	0.0	0.0
PWY-5686	166.10043620894800	50.18181818181820	27.27272727272730	57.81818181818180	257.4545454545460	236.7644580620450	107.45454545454500	8.727272727272730	418.1236439986000	381.8181818181820	452.1074756229690	278.2584269662920	228.12923360278300	233.45454545454500	55.63636363636360	54.818181818181800	173.45454545454500	422.81152014864700	6.545454545454550	13.090909090909100	62.18181818181820	53.61422708618330	1.0909090909090900	0.0	13.090909090909100	0.0	0.0
PWY-5695	165.91306676187100	29.743264659271	0.0	61.41982212280980	283.20000000000000	265.6761593988980	97.34175640228060	0.0	446.78890352618000	383.87541394433000	473.5778479451470	305.1356993736950	261.2837474577550	253.89830508474600	61.200000000000000	50.367203327790800	157.7011321843230	466.0765874172540	0.0	0.0	68.4	80.80824742268040	1.2000000000000000	0.0	8.0	0.0	0.0
PWY-5747	0.0	0.0	0.0	0.0	0.0	0.0	0.0	0.0	11.034482758620700	7.0	0.0	0.0	0.0	0.0	0.0	0.0	0.0	0.0	0.0	0.0	0.0	0.0	0.0	0.0	0.0	0.0	0.0
PWY-5837	0.0	34.0	25.000000000000000	50.127705742259900	0.0	0.0	0.0	8.0	0.0	0.0	0.0	0.0	0.0	0.0	0.0	0.0	0.0	0.0	0.0	12.000000000000000	0.0	0.0	0.0	0.0	6.000000000000000	0.0	0.0
PWY-5838	0.0	34.0	25.0	51.22107255520510	0.0	0.0	0.0	8.0	0.0	0.0	0.0	0.0	0.0	0.0	0.0	0.0	0.0	0.0	0.0	12.0	0.0	0.0	0.0	0.0	7.384615384615390	0.0	0.0
PWY-5840	0.0	34.59649122807020	25.0	52.128804417619100	0.0	0.0	0.0	8.0	0.0	0.0	0.0	0.0	0.0	0.0	0.0	0.0	0.0	0.0	0.0	12.0	0.0	0.0	0.0	0.0	7.384615384615390	0.0	0.0
PWY-5855	0.0	0.0	0.0	0.0	0.0	0.0	0.0	0.0	17.177244783098100	9.94318181818182	0.0	0.0	0.0	0.0	0.0	0.0	0.0	0.0	0.0	0.0	0.0	0.0	0.0	0.0	0.0	0.0	0.0
PWY-5856	0.0	0.0	0.0	0.0	0.0	0.0	0.0	0.0	17.177244783098100	9.94318181818182	0.0	0.0	0.0	0.0	0.0	0.0	0.0	0.0	0.0	0.0	0.0	0.0	0.0	0.0	0.0	0.0	0.0
PWY-5857	0.0	0.0	0.0	0.0	0.0	0.0	0.0	0.0	17.177244783098100	9.94318181818182	0.0	0.0	0.0	0.0	0.0	0.0	0.0	0.0	0.0	0.0	0.0	0.0	0.0	0.0	0.0	0.0	0.0
PWY-5861	0.0	34.0	25.0	50.37565152643340	0.0	0.0	0.0	8.0	0.0	0.0	0.0	0.0	0.0	0.0	0.0	0.0	0.0	0.0	0.0	12.0	0.0	0.0	0.0	0.0	6.193548387096780	0.0	0.0
PWY-5863	0.0	35.14606741573030	25.0	52.83735235881340	0.0	0.0	0.0	8.0	0.0	0.0	0.0	0.0	0.0	0.0	0.0	0.0	0.0	0.0	0.0	12.0	0.0	0.0	0.0	0.0	6.400000000000000	0.0	0.0
PWY-5897	0.0	34.0	25.000000000000000	52.00668045463700	0.0	0.0	0.0	8.0	0.0	0.0	0.0	0.0	0.0	0.0	0.0	0.0	0.0	0.0	0.0	12.000000000000000	0.0	0.0	0.0	0.0	7.200000000000000	0.0	0.0
PWY-5898	0.0	34.0	25.000000000000000	52.00668045463700	0.0	0.0	0.0	8.0	0.0	0.0	0.0	0.0	0.0	0.0	0.0	0.0	0.0	0.0	0.0	12.000000000000000	0.0	0.0	0.0	0.0	7.200000000000000	0.0	0.0
PWY-5899	0.0	34.0	25.000000000000000	52.00668045463700	0.0	0.0	0.0	8.0	0.0	0.0	0.0	0.0	0.0	0.0	0.0	0.0	0.0	0.0	0.0	12.000000000000000	0.0	0.0	0.0	0.0	7.200000000000000	0.0	0.0
PWY-5910	0.0	17.037037037037000	0.0	0.0	0.0	0.0	0.0	0.0	0.0	0.0	0.0	0.0	0.0	0.0	0.0	0.0	0.0	0.0	6.0	0.0	0.0	0.0	0.0	0.0	0.0	0.0	0.0
PWY-5913	157.5	0.0	0.0	0.0	332.59120879120900	247.82818791946300	118.01213960546300	0.0	456.4070332959220	484.73118279569900	487.7187288708590	313.7001078748650	262.28403525954900	307.9615384615390	76.5	58.41704718417050	188.6931818181820	534.1503508185770	0.0	0.0	85.5	42.331288343558300	1.5	0.0	0.0	0.0	0.0
PWY-5918	132.4125939307940	34.0	25.000000000000000	56.433136051704700	250.19065577205100	226.85300025376400	104.9873030453710	8.0	407.63701919177000	368.6904667116460	448.632623863737	277.88362833464000	220.1757499050190	227.35063371914100	53.6842105263158	53.60912013133420	169.52379290488100	412.965215511357	0.0	12.0	60.0	49.27979461309790	1.0526315789473700	0.0	12.0	0.0	0.0
PWY-5920	0.0	0.0	0.0	0.0	0.0	0.0	0.0	0.0	37.149125818805100	26.410009624639100	0.0	0.0	0.0	0.0	0.0	0.0	0.0	0.0	0.0	0.0	0.0	0.0	0.0	0.0	0.0	0.0	0.0
PWY-5973	82.22188337754080	59.46066414085130	31.25	90.9438378171202	0.0	120.01591200472900	0.0	8.88888888888889	24.409169464596800	17.113167889525100	38.52352187933710	28.66513133161810	84.33308023285240	0.0	0.0	0.0	0.0	29.110228467775700	7.5	13.333333333333300	0.0	67.64377035632690	0.0	0.0	14.400000000000000	0.0	0.0
PWY-5989	0.0	0.0	0.0	0.0	0.0	0.0	0.0	0.0	19.770823788884100	16.617518117087500	0.0	0.0	0.0	0.0	0.0	0.0	0.0	0.0	0.0	0.0	0.0	0.0	0.0	0.0	0.0	0.0	0.0
PWY-6121	165.0	49.38650306748470	25.0	57.31552162849870	272.3076923076920	250.4939919893190	118.55566700100300	8.0	446.2707646860770	410.43549712407600	484.6501756948030	295.15671200473100	239.30185083086500	247.73158850449900	58.84615384615390	60.250061588296600	191.16104315310900	447.4101781671420	6.923076923076920	12.000000000000000	65.76923076923080	53.07692307692310	1.1538461538461500	0.0	12.857142857142900	0.0	0.0
PWY-6122	171.60000000000000	50.31250000000000	25.0	58.506493506493500	283.20000000000000	254.4	118.2	8.0	456.98721704394100	419.4331983805670	495.0750427768270	304.8	246.09717358679300	256.476370510397	61.20000000000000	59.712662337662300	190.22480620155000	463.80000000000000	7.200000000000000	12.0	68.4	55.20000000000000	1.2	0.0	13.090909090909100	0.0	0.0
PWY-6123	128.57983193277300	46.0	25.000000000000000	53.00000000000000	236.00000000000000	212.00000000000000	98.5	8.0	381.50000000000000	350.0	413.00000000000000	254.0	205.75000000000000	214.0	51.0	50.25000000000000	159.0	386.5	6.000000000000000	12.000000000000000	57.0	46.0	1.0	0.0	12.000000000000000	0.0	0.0
PWY-6125	160.5142154153310	44.68571428571430	26.923076923076900	66.29171321214580	291.52941176470600	270.0432165700190	128.07124529935800	8.615384615384620	476.77965771232200	443.7709643656950	523.0307579060330	316.243429240359	256.40189893583000	264.91390810340300	63.00000000000000	64.76849600292690	206.23919013323300	480.1656291274520	0.0	12.923076923076900	70.41176470588240	56.8235294117647	1.2352941176470600	0.0	12.923076923076900	0.0	0.0
PWY-6126	177.5554165690480	54.18770226537220	29.166666666666700	63.05172413793100	283.20000000000000	254.10889117748000	117.98820367328700	9.333333333333330	458.0655643394430	419.8389879240940	496.7115685686690	304.2103308183400	247.0806495867200	256.5207936939390	61.200000000000000	60.169807154423700	190.47089262613200	464.28298459750100	7.2	14.0	68.4	55.200000000000000	1.2	0.0	14.0	0.0	0.0
PWY-6141	38.76923076923080	0.0	0.0	0.0	0.0	0.0	0.0	0.0	0.0	0.0	0.0	0.0	0.0	0.0	0.0	0.0	0.0	0.0	0.0	0.0	0.0	0.0	0.0	0.0	0.0	0.0	0.0
PWY-6147	111.76518218623500	45.333333333333300	33.333333333333300	59.071207430340600	236.0	218.98405951115800	98.50000000000000	8.0	383.9517994858610	350.0	414.97136038186200	255.47388781431300	210.4102491506230	214.00000000000000	51.0	50.25	159.0	387.98273657289	0.0	12.0	57.0	50.440154440154400	1.0	0.0	8.000000000000000	0.0	0.0
PWY-6148	40.47635726795100	0.0	0.0	0.0	0.0	0.0	0.0	0.0	0.0	0.0	0.0	0.0	0.0	0.0	0.0	0.0	0.0	0.0	0.0	0.0	0.0	0.0	0.0	0.0	0.0	0.0	0.0
PWY-6151	0.0	14.72	0.0	0.0	0.0	44.319557466945900	36.636227855992500	0.0	50.33136567813550	65.03667481662590	64.31195449216210	15.637775224371900	18.859522074119500	7.887619133655540	0.0	20.374514300490600	60.904788112273000	10.889008453775000	6.0	0.0	0.0	0.0	0.0	0.0	0.0	0.0	0.0
PWY-6163	143.0	46.0	25.0	57.74818401937050	236.0	214.3873873873870	100.17738883632900	8.88888888888889	384.6896376995190	350.0	416.66510976179400	255.56067588325700	207.62877546242100	214.7882136279930	51.0	52.30016652789340	162.7986348122870	387.58761831670500	6.000000000000000	13.333333333333300	57.0	46.0	1.0	0.0	12.85714285714290	0.0	0.0
PWY-6167	74.32600916465620	0.0	0.0	0.0	0.0	0.0	0.0	0.0	0.0	0.0	0.0	0.0	0.0	0.0	0.0	0.0	0.0	0.0	0.0	0.0	0.0	0.0	0.0	0.0	0.0	0.0	0.0
PWY-6174	45.12895241415370	0.0	0.0	0.0	0.0	0.0	0.0	0.0	0.0	0.0	0.0	0.0	0.0	0.0	0.0	0.0	0.0	0.0	0.0	0.0	0.0	0.0	0.0	0.0	0.0	0.0	0.0
PWY-621	0.0	13.685950413223100	0.0	0.0	0.0	44.45676274944570	29.769230769230800	0.0	60.74547647768400	0.0	58.308510638297900	48.811387900355900	18.575941676792200	19.09090909090910	0.0	25.21224489795920	55.75581395348840	21.391194968553500	6.0	0.0	0.0	0.0	0.0	0.0	0.0	0.0	0.0
PWY-6269	0.0	39.48387096774190	29.032258064516100	51.89050598497880	0.0	0.0	0.0	9.0	0.0	0.0	0.0	0.0	0.0	0.0	0.0	0.0	0.0	0.0	0.0	13.5	0.0	0.0	0.0	0.0	9.240641711229950	0.0	0.0
PWY-6277	171.60000000000000	50.31250000000000	25.0	58.506493506493500	283.20000000000000	254.4	118.2	8.0	456.98721704394100	419.4331983805670	495.0750427768270	304.8	246.09717358679300	256.476370510397	61.20000000000000	59.712662337662300	190.22480620155000	463.80000000000000	7.200000000000000	12.0	68.4	55.20000000000000	1.2	0.0	13.090909090909100	0.0	0.0
PWY-6282	0.0	0.0	0.0	0.0	0.0	0.0	0.0	0.0	17.785419872098400	15.563763131860400	0.0	0.0	0.0	0.0	0.0	0.0	0.0	0.0	0.0	0.0	0.0	0.0	0.0	0.0	0.0	0.0	0.0
PWY-6317	145.95261245682900	15.50769230769230	0.0	20.53953488372090	290.46153846153800	283.2590514911370	123.24416746630600	9.142857142857140	462.97441438239400	423.3733832315670	519.1925874329600	316.4388637200560	269.13876644276000	263.93008172685200	62.769230769230800	64.83821682195390	200.70745318741100	481.8246668271240	6.857142857142860	13.714285714285700	70.15384615384620	66.46258696578160	1.2307692307692300	0.0	8.727272727272730	0.0	0.0
PWY-6349	36.0	0.0	0.0	0.0	0.0	0.0	0.0	0.0	0.0	0.0	0.0	0.0	0.0	0.0	0.0	0.0	0.0	0.0	0.0	0.0	0.0	0.0	0.0	0.0	0.0	0.0	0.0
PWY-6350	36.0	0.0	0.0	0.0	0.0	0.0	0.0	0.0	0.0	0.0	0.0	0.0	0.0	0.0	0.0	0.0	0.0	0.0	0.0	0.0	0.0	0.0	0.0	0.0	0.0	0.0	0.0
PWY-6353	99.41361505999500	0.0	0.0	28.881360871307300	76.13341000575040	124.60855015652700	0.0	0.0	261.92089373692400	0.0	316.248700269782	156.48522853285300	126.44543910024400	0.0	0.0	0.0	0.0	180.62250308767800	0.0	0.0	0.0	64.04530436642820	0.0	0.0	0.0	0.0	0.0
PWY-6383	86.4465972194074	0.0	0.0	20.073800738007400	31.78717440831760	87.34082397003750	35.295833333333300	0.0	133.24194976432500	51.812688821752300	171.495595901492	62.05567805303680	64.15398740085620	7.853211009174310	0.0	19.698	58.70769230769230	70.4156899765272	0.0	0.0	0.0	32.394366197183100	0.0	0.0	0.0	0.0	0.0
PWY-6385	130.9352525957300	50.211724851792600	25.000000000000000	54.25816023738870	248.42105263157900	225.47367591769900	103.01996424314700	8.0	400.8199001426530	367.4033149171270	434.6241934083970	267.7934211380000	218.33618976448300	225.151364764268	53.6842105263158	52.51110124333930	166.25139043381500	407.3439342229100	6.666666666666670	12.0	60.0	50.28483448806780	1.0526315789473700	0.0	12.0	0.0	0.0
PWY-6386	122.82026425803100	51.41480648787540	25.000000000000000	54.044334975369500	246.2608695652170	225.63481142715300	102.238048299655	8.0	397.46516562536800	364.38356164383600	431.5772463125040	265.9257469598130	217.82192221969600	223.2127921279210	53.21739130434780	52.120225269343800	164.9972401103960	404.253118876445	6.545454545454550	12.000000000000000	59.47826086956520	51.13111545988260	1.0434782608695700	0.0	12.000000000000000	0.0	0.0
PWY-6387	133.2559903947100	51.387986035873400	25.0	54.58208955223880	251.73333333333300	229.11401553266400	104.21552373775400	8.0	405.9595448798990	372.02797202797200	440.38875246296200	271.4790758858830	221.72707560838500	228.1231929604020	54.400000000000000	53.108532934131700	168.16877637130800	412.9110039553550	6.857142857142860	12.0	60.800000000000000	51.48374384236450	1.0666666666666700	0.0	12.0	0.0	0.0
PWY-6397	0.0	0.0	0.0	0.0	0.0	33.43084807880370	29.12931398502580	0.0	24.588117888992600	40.62570712307550	51.51869317669290	12.450555769585100	14.425989588624600	5.6050469172454	0.0	15.788914382986200	48.225645659252600	8.788966445094210	0.0	0.0	0.0	0.0	0.0	0.0	0.0	0.0	0.0
PWY-6467	0.0	34.0	25.0	37.0	0.0	0.0	0.0	8.0	10.000000000000000	7.0	0.0	0.0	0.0	0.0	0.0	0.0	0.0	0.0	0.0	12.0	0.0	0.0	0.0	0.0	6.0	0.0	0.0
PWY-6478	78.855421686747	0.0	0.0	0.0	223.01618122977300	157.0	77.0	0.0	312.86063879318400	318.46153846153800	332.10434782608700	209.07127429805600	171.73333333333300	204.0	51.0	38.0	123.00000000000000	360.0926640926640	0.0	0.0	57.0	21.0	1.0	0.0	0.0	0.0	0.0
PWY-6519	0.0	0.0	0.0	0.0	0.0	0.0	0.0	0.0	18.069156276871500	15.192553613811600	0.0	0.0	0.0	0.0	0.0	0.0	0.0	0.0	0.0	0.0	0.0	0.0	0.0	0.0	0.0	0.0	0.0
PWY-6545	160.2218676843600	0.0	0.0	39.223000148964700	295.60154975530200	263.00707041718500	122.29504744110200	0.0	471.636248012691	435.18667723681000	518.6021437752410	309.5162083175560	257.29105833869100	265.691119156227	64.04651162790700	62.28210217257740	197.3614840776640	485.68286596901000	0.0	0.0	71.58139534883720	56.30175913396480	1.255813953488370	0.0	10.8	0.0	0.0
PWY-6608	84.84304932735430	28.137931034482800	0.0	25.079482439926100	59.437037037037000	97.2196894717308	0.0	0.0	231.7065021272800	0.0	319.75135923214800	139.62706446457100	108.58622129436300	0.0	0.0	0.0	0.0	183.4995658575260	0.0	0.0	0.0	58.67768595041320	0.0	0.0	0.0	0.0	0.0
PWY-6609	116.97457627118600	27.259259259259300	0.0	22.84175084175080	236.0	221.32130777903000	88.81782437745740	0.0	371.5	323.07692307692300	407.72765957446800	256.96498054474700	215.2865005793740	214.00000000000000	51.0	50.25	147.47826086956500	389.47689345314500	8.0	0.0	57.0	58.67768595041320	1.0	0.0	6.857142857142860	0.0	0.0
PWY-6612	0.0	0.0	0.0	42.29647355019510	0.0	67.40559307727740	51.68645577100700	0.0	80.05317601945710	100.55622732769000	100.5395872189990	76.63159472252980	30.62341512131820	31.440801206567400	0.0	28.4049590752927	85.57938458374380	18.3525207827581	0.0	0.0	0.0	0.0	0.0	0.0	0.0	0.0	0.0
PWY-6628	0.0	46.333876462746300	26.31578947368420	56.51328300983170	0.0	0.0	0.0	8.88888888888889	81.41771311634750	59.43336259345580	0.0	114.29649275051200	0.0	47.93013698630140	0.0	0.0	0.0	0.0	0.0	13.333333333333300	0.0	0.0	0.0	0.0	11.612903225806500	0.0	0.0
PWY-6630	0.0	46.333876462746300	26.31578947368420	56.51328300983170	0.0	0.0	0.0	8.88888888888889	81.41771311634750	59.43336259345580	0.0	114.29649275051200	0.0	47.93013698630140	0.0	0.0	0.0	0.0	0.0	13.333333333333300	0.0	0.0	0.0	0.0	11.612903225806500	0.0	0.0
PWY-6654	43.15966386554620	0.0	0.0	0.0	0.0	0.0	0.0	0.0	0.0	0.0	0.0	0.0	0.0	0.0	0.0	0.0	0.0	0.0	0.0	0.0	0.0	0.0	0.0	0.0	0.0	0.0	0.0
PWY-6700	0.0	46.0	25.0	37.0	0.0	0.0	0.0	8.0	16.594266756518600	12.602739726027400	0.0	0.0	0.0	0.0	0.0	0.0	0.0	0.0	6.0	12.0	0.0	0.0	0.0	0.0	8.0	0.0	0.0
PWY-6703	43.91489361702130	38.85714285714290	28.57142857142860	43.38762214983710	0.0	0.0	0.0	8.0	13.220768256648400	9.271523178807950	0.0	0.0	0.0	0.0	0.0	0.0	0.0	0.0	0.0	12.0	0.0	0.0	0.0	0.0	8.0	0.0	0.0
PWY-6708	0.0	0.0	0.0	0.0	0.0	0.0	0.0	0.0	17.177244783098100	9.94318181818182	0.0	0.0	0.0	0.0	0.0	0.0	0.0	0.0	0.0	0.0	0.0	0.0	0.0	0.0	0.0	0.0	0.0
PWY-6737	20.691925252871600	0.0	0.0	0.0	31.715415019762800	46.46446756696920	35.295833333333300	0.0	122.72022471910100	51.851851851851900	63.00647948164150	49.02389078498290	21.27089103397070	19.107142857142900	0.0	19.698	58.70769230769230	11.055342001130600	0.0	0.0	0.0	0.0	0.0	0.0	7.200000000000000	0.0	0.0
PWY-6749	0.0	0.0	0.0	45.758877240446400	0.0	0.0	0.0	0.0	0.0	0.0	0.0	0.0	0.0	0.0	0.0	0.0	0.0	0.0	0.0	0.0	0.0	0.0	0.0	0.0	0.0	0.0	0.0
PWY-6891	0.0	0.0	0.0	0.0	0.0	0.0	0.0	8.0	0.0	0.0	0.0	0.0	0.0	0.0	0.0	0.0	0.0	0.0	0.0	12.0	0.0	0.0	0.0	0.0	6.967741935483870	0.0	0.0
PWY-6892	0.0	40.91690544412610	27.27272727272730	24.20450822955930	0.0	0.0	0.0	8.727272727272730	0.0	0.0	0.0	0.0	0.0	0.0	0.0	0.0	0.0	0.0	0.0	13.090909090909100	0.0	0.0	0.0	0.0	8.307692307692310	0.0	0.0
PWY-6895	0.0	0.0	0.0	0.0	0.0	0.0	0.0	9.6	0.0	0.0	0.0	0.0	0.0	0.0	0.0	0.0	0.0	0.0	0.0	14.400000000000000	0.0	0.0	0.0	0.0	8.78048780487805	0.0	0.0
PWY-6897	124.39837398374000	39.76271186440680	25.0	26.818496638826600	236.00000000000000	215.69954476479500	102.34165366614700	9.6	384.9432379072060	361.28185907046500	430.69915436434000	258.38471023427900	207.47559297601900	214.00000000000000	51.0	50.25	163.70414201183400	392.1907975460120	6.0	14.400000000000000	57.0	46.0	1.0	0.0	9.0	0.0	0.0
PWY-6969	239.48477521080200	0.0	0.0	35.972851452016500	424.251484209622	363.2825521088990	165.72262267759000	0.0	671.7378087020010	615.0990353443030	724.1631577853720	445.7432158190150	362.0938878861900	382.03022347023100	92.03007518796990	83.74800317813730	266.71450107043000	692.9143274968570	0.0	0.0	102.85714285714300	77.16252868766950	1.8045112781954900	0.0	9.561752988047810	0.0	0.0
PWY-7007	0.0	0.0	0.0	20.64516129032260	0.0	22.16676188038920	23.204621189731200	0.0	31.24048316676670	53.58297016426420	140.37518411030600	39.91664861237600	15.610331444996100	0.0	0.0	0.0	28.300053966540700	51.94360494822290	0.0	0.0	0.0	0.0	0.0	0.0	0.0	0.0	0.0
PWY-7013	0.0	0.0	0.0	0.0	0.0	0.0	0.0	0.0	0.0	0.0	0.0	108.58048373644700	0.0	35.38167938931300	0.0	0.0	0.0	0.0	0.0	0.0	0.0	0.0	0.0	0.0	9.0	0.0	0.0
PWY-7094	189.90120744181600	0.0	0.0	28.744005184705100	512.4953136055870	371.5807810579520	190.1826559916480	0.0	781.6996702360730	737.6241948269250	830.2111438655400	483.5772993892710	389.1940920783150	446.8943028974020	111.56250000000000	83.71388523030040	295.83711033036900	818.2896202285160	0.0	0.0	124.68750000000000	50.067280587161600	2.1875	0.0	0.0	0.0	0.0
PWY-7111	286.18071326961000	42.675862068965500	30.769230769230800	97.88790560471980	414.4932094353110	420.2503584310530	158.4885283559610	9.142857142857140	726.9220608537650	575.4141305185300	863.654937466077	487.57371001969400	411.2104567907700	354.6663159767620	85.0	80.73372128505890	255.72279698407600	731.7941625855010	0.0	13.714285714285700	95.00000000000000	125.21739130434800	1.6666666666666700	0.0	13.714285714285700	0.0	0.0
PWY-7184	96.73666968136740	43.987500000000000	28.125	56.77830100708690	0.0	83.24162615846470	61.51272025884180	9.0	100.93010367050300	125.01261670451700	126.16481950784500	95.09613237637690	39.064617646726300	40.13225156187240	0.0	33.58608678552450	101.6047430787050	23.873164749338900	0.0	13.5	0.0	0.0	0.0	0.0	10.8	0.0	0.0
PWY-7187	79.29530685920580	42.967032967033000	25.0	47.04436409150960	0.0	51.99172683673800	37.55278988495410	8.0	65.75288944215850	46.02076124567470	79.2941763391554	44.84915529650760	29.6531170909281	20.913975226436400	0.0	27.243254806577200	70.5649857235999	17.824754281221600	0.0	12.000000000000000	0.0	0.0	0.0	0.0	8.571428571428570	0.0	0.0
PWY-7196	106.47341221504600	27.184991033246000	0.0	0.0	59.23853049745120	140.08828008160500	0.0	0.0	145.64232818929900	0.0	60.39122299198630	96.38375387821520	107.70107304665800	23.328000269913900	0.0	0.0	0.0	46.289486437281400	0.0	0.0	0.0	51.13816834303860	0.0	0.0	0.0	0.0	0.0
PWY-7197	160.73765093304100	39.100000000000000	25.0	56.261538461538500	268.28232354778300	237.2342683851400	110.63520000000000	8.0	429.46	397.01492537313400	468.41518987341800	287.4329958308520	232.5538490007400	243.7384196185290	58.28571428571430	56.31190476190480	178.4597014925370	440.7633845001870	0.0	12.0	65.14285714285720	49.91093117408910	1.1428571428571400	0.0	12.0	0.0	0.0
PWY-7199	80.52961672473870	23.657142857142900	0.0	28.758936755270400	0.0	89.09670394932200	56.60099321936780	0.0	115.78461538461500	137.40356083086100	142.24937810516700	104.59842519685000	47.11462715033560	48.566282420749300	0.0	29.80576504605480	92.69616689525730	30.77845777233780	6.0	0.0	0.0	0.0	0.0	0.0	8.0	0.0	0.0
PWY-7200	112.65131230870000	26.932349323493200	0.0	35.49192423665800	0.0	137.3731274226490	76.46930387711840	0.0	198.72700979457800	216.80749886696000	234.968455902788	164.32925160000200	86.42434408094480	89.48341050327870	0.0	40.30648666607050	124.88911039760800	65.6993626241901	0.0	0.0	0.0	0.0	0.0	0.0	9.333333333333330	0.0	0.0
PWY-7208	186.19791666666700	61.333333333333300	33.333333333333300	70.66666666666670	314.66666666666700	281.3593404383670	129.86690486824500	10.666666666666700	508.66666666666700	462.6747339870650	548.9743904937510	336.4876396884520	274.3333333333330	284.6587864460210	68.0	67.0	210.26513911620300	515.3333333333330	8.0	16.0	76.0	61.333333333333300	1.3333333333333300	0.0	15.157894736842100	0.0	0.0
PWY-7211	120.8101512466430	0.0	0.0	46.32492718821700	0.0	123.61416523783900	78.63892186242210	0.0	163.3512161184930	189.6545544085720	198.24036722350400	142.6597802125950	66.89439653891160	68.77297357545600	0.0	41.5141237723552	128.56614636919300	45.26153185727300	0.0	0.0	0.0	0.0	0.0	0.0	0.0	0.0	0.0
PWY-7219	176.70047989884800	53.452513966480400	28.571428571428600	60.57142857142860	269.7142857142860	242.28571428571400	112.57142857142900	9.142857142857140	436.80725791520100	400.0	472.0	290.2857142857140	235.14285714285700	244.57142857142900	58.28571428571430	57.42857142857140	181.7142857142860	441.71428571428600	7.200000000000000	13.714285714285700	65.14285714285720	52.57142857142860	1.1428571428571400	0.0	13.714285714285700	0.0	0.0
PWY-7220	178.70828471411900	55.2	30.0	66.69300911854100	303.42857142857100	271.7930089102130	126.0770662695460	9.6	489.8520475561430	449.5689655172410	533.9874665775400	324.99652777777800	265.02012875536500	274.3962008141110	65.57142857142860	64.25953778429930	203.54930875576000	498.2243041659090	7.200000000000000	14.400000000000000	73.28571428571430	59.14285714285710	1.2857142857142900	0.0	14.400000000000000	0.0	0.0
PWY-7221	180.85524742685100	46.0	25.0	65.99389623601220	283.2	268.7455867000830	129.60877573790400	8.0	467.4242532217370	439.519666355073	515.1038266795220	309.98189600393300	250.29730683288300	258.22140221402200	61.200000000000000	65.15553714024330	208.3037229557530	467.4579913877590	6.0	12.0	68.4	55.200000000000000	1.2	0.0	12.0	0.0	0.0
PWY-7222	178.70828471411900	55.2	30.0	66.69300911854100	303.42857142857100	271.7930089102130	126.0770662695460	9.6	489.8520475561430	449.5689655172410	533.9874665775400	324.99652777777800	265.02012875536500	274.3962008141110	65.57142857142860	64.25953778429930	203.54930875576000	498.2243041659090	7.200000000000000	14.400000000000000	73.28571428571430	59.14285714285710	1.2857142857142900	0.0	14.400000000000000	0.0	0.0
PWY-7228	188.0213899652910	44.473933649289100	27.272727272727300	69.1834312210201	303.4285714285710	282.95485981513600	134.81693863770600	8.727272727272730	497.4875855713740	464.5127792566890	547.3340595188860	329.709471332731	267.3722616539680	275.85215682839200	65.57142857142860	68.04515717180720	216.98355866969300	500.37608213904400	0.0	13.090909090909100	73.28571428571430	59.14285714285710	1.2857142857142900	0.0	13.090909090909100	0.0	0.0
PWY-7229	185.00643574761800	55.844357976653700	30.000000000000000	65.10979228486650	292.9655172413790	262.8090464750230	122.01152945415200	9.6	473.9178074038310	434.2817487855660	514.0781080320150	314.5744293516310	255.6393707306980	265.30665792063000	63.310344827586200	62.21683537559940	196.9685618729100	480.39624627258400	7.448275862068970	14.400000000000000	70.75862068965520	57.10344827586210	1.2413793103448300	0.0	14.400000000000000	0.0	0.0
PWY-7234	128.57983193277300	23.657142857142900	0.0	29.929411764705900	236.00000000000000	212.00000000000000	98.5	0.0	381.50000000000000	350.0	413.00000000000000	254.0	205.75000000000000	214.0	51.0	50.25000000000000	159.0	386.5	6.000000000000000	0.0	57.0	46.0	1.0	0.0	0.0	0.0	0.0
PWY-7237	107.00000000000000	0.0	0.0	16.0	236.0	188.0	77.0	0.0	355.0	315.0	379.0	265.0	196.00000000000000	216.0	51.0	38.0	123.00000000000000	381.0	0.0	0.0	57.0	46.0	1.0	0.0	0.0	0.0	0.0
PWY-7242	36.49612403100780	0.0	0.0	22.588235294117600	0.0	53.223744292237500	0.0	0.0	30.719924995605200	0.0	123.41239387373300	49.205567109262500	49.35376589501140	0.0	0.0	0.0	0.0	61.20335755096280	0.0	0.0	0.0	32.394366197183100	0.0	0.0	0.0	0.0	0.0
PWY-7254	0.0	0.0	0.0	32.06845646304000	0.0	89.9338311745364	73.63479410794620	0.0	47.31517140237120	143.44501080869900	130.4392392721720	72.73444837785300	27.838935395464400	28.5936439721948	0.0	28.83454200240230	112.5845527105470	16.25756094659830	0.0	0.0	0.0	0.0	0.0	0.0	8.089887640449440	0.0	0.0
PWY-7255	9.263157894736840	0.0	0.0	16.0	17.0	0.0	0.0	0.0	64.47196261682240	0.0	63.0	21.0	8.0	0.0	0.0	0.0	0.0	27.0	0.0	0.0	0.0	0.0	0.0	0.0	0.0	0.0	0.0
PWY-7286	44.28387096774190	0.0	0.0	0.0	0.0	0.0	0.0	0.0	0.0	0.0	0.0	0.0	0.0	0.0	0.0	0.0	0.0	0.0	0.0	0.0	0.0	0.0	0.0	0.0	0.0	0.0	0.0
PWY-7323	82.5387343289546	0.0	0.0	0.0	45.99883666968350	0.0	0.0	0.0	118.80494349233800	0.0	0.0	0.0	0.0	0.0	0.0	0.0	0.0	0.0	0.0	0.0	0.0	0.0	0.0	0.0	0.0	0.0	0.0
PWY-7328	0.0	0.0	0.0	0.0	0.0	26.938374088110900	17.56949631275410	0.0	30.664690923631200	0.0	37.62766546813390	45.24200860644130	20.302301009854600	10.93935732559790	0.0	18.107419637090900	37.63606930871160	11.00009139593950	0.0	0.0	0.0	0.0	0.0	0.0	0.0	0.0	0.0
PWY-7377	0.0	36.8041237113402	27.061855670103100	47.80678069818870	0.0	0.0	0.0	8.495575221238940	0.0	0.0	0.0	0.0	0.0	0.0	0.0	0.0	0.0	0.0	0.0	12.743362831858400	0.0	0.0	0.0	0.0	7.341587764020390	0.0	0.0
PWY-7392	103.81418442017800	0.0	0.0	43.078619861327800	75.39308859302170	143.65503080082100	61.68203883495150	0.0	240.68498809170400	119.93006993007000	293.2429496345430	127.34019588132700	119.80000256827800	21.948717948718000	0.0	33.124439461883400	101.30973451327400	156.79743413763000	0.0	0.0	0.0	40.350877192982500	0.0	0.0	10.285714285714300	0.0	0.0
PWY-7400	153.18302387267900	0.0	0.0	51.50542299349240	244.7407407407410	227.11102783843900	101.91693425277700	0.0	392.3398631143330	362.68311488049300	430.07316717061900	264.7160058191720	218.28601479784000	221.82765034098000	52.88888888888890	51.97749986918530	164.50000000000000	402.3560367454780	0.0	0.0	59.111111111111100	52.49598163031	1.037037037037040	0.0	12.21818181818180	0.0	0.0
PWY-7431	15.446606139213100	0.0	0.0	19.692307692307700	33.0607240033959	0.0	0.0	0.0	117.26079104501900	0.0	118.0570788028250	74.78879966125230	15.734658444590800	11.869090909090900	0.0	0.0	0.0	52.55139556690540	0.0	0.0	0.0	0.0	0.0	0.0	0.0	0.0	0.0
PWY-7539	125.51460674157300	38.85714285714290	28.57142857142860	56.261538461538500	281.77856510186000	249.18882681564200	116.22079439252300	8.0	450.32140709561000	417.33615221987300	489.0170777988620	300.92145677928900	243.90525606469000	255.9769230769230	61.200000000000000	59.1520979020979	187.46724890829700	461.71924629878900	0.0	12.0	68.4	52.23225806451610	1.2000000000000000	0.0	8.000000000000000	0.0	0.0
PWY-7560	107.00000000000000	30.238697485099600	0.0	59.18843930635840	236.00000000000000	212.0	98.5	8.0	385.93846573350300	350.0	429.2314410480350	259.6654275092940	207.97394865732100	214.00000000000000	51.00000000000000	50.25000000000000	159.0	393.8476500616090	0.0	12.000000000000000	57.0	46.0	1.0	0.0	12.000000000000000	0.0	0.0
PWY-7616	50.56931397665810	0.0	0.0	21.818181818181800	0.0	76.27428631617460	0.0	0.0	45.517810062855300	0.0	174.36240403698400	70.6920600450234	70.67302204079990	0.0	0.0	0.0	0.0	89.55769517496070	0.0	0.0	0.0	32.19761499148210	0.0	0.0	0.0	0.0	0.0
PWY-7663	71.76829268292680	69.14156138645930	33.33333333333330	92.56199513210340	0.0	104.98019886283000	0.0	9.142857142857140	19.702857611964800	27.345562901573700	31.274317255858100	23.369949957280600	71.92660550458720	0.0	0.0	0.0	0.0	23.59138391131970	8.000000000000000	13.714285714285700	0.0	60.92715231788080	0.0	0.0	15.157894736842100	0.0	0.0
PWY-7664	0.0	0.0	0.0	0.0	0.0	0.0	0.0	0.0	17.304273324203800	14.912208922742100	0.0	0.0	0.0	0.0	0.0	0.0	0.0	0.0	0.0	0.0	0.0	0.0	0.0	0.0	0.0	0.0	0.0
PWY-841	158.2485829996210	47.04522677997530	26.829268292682900	61.03413499297900	275.68141592920300	251.19740009538600	117.88903004384000	8.585365853658540	448.6943869776350	413.5293890718540	488.27190873546200	297.7140174430420	241.4752761302010	250.24529411059000	59.57522123893810	59.92858478701060	190.1205146185000	452.7428225274960	0.0	12.878048780487800	66.58407079646020	53.73451327433630	1.168141592920350	0.0	13.090909090909100	0.0	0.0
PWY-922	0.0	13.416666666666700	0.0	0.0	0.0	0.0	0.0	0.0	0.0	0.0	0.0	0.0	0.0	0.0	0.0	0.0	0.0	0.0	6.000000000000000	0.0	0.0	0.0	0.0	0.0	0.0	0.0	0.0
PWY0-1061	21.75620452506730	0.0	0.0	0.0	45.31588125916720	60.82770835383250	46.672176308539900	0.0	165.17740747342800	104.1061592388580	89.27763081391690	22.795925348787	27.11521697438030	11.624212995350000	0.0	25.760244115082800	77.35135135135140	16.102502596358800	0.0	0.0	0.0	0.0	0.0	0.0	0.0	0.0	0.0
PWY0-1241	0.0	34.0	25.0	40.78274760383390	0.0	0.0	0.0	8.0	0.0	0.0	0.0	0.0	0.0	0.0	0.0	0.0	0.0	0.0	0.0	12.000000000000000	0.0	0.0	0.0	0.0	6.666666666666670	0.0	0.0
PWY0-1261	61.67256785559840	0.0	0.0	39.682604272634800	92.81316382631160	0.0	0.0	0.0	275.2945295502180	0.0	286.31061785820900	120.1298464565090	70.32350094254840	0.0	0.0	0.0	0.0	160.23235646355200	0.0	0.0	0.0	0.0	0.0	0.0	0.0	0.0	0.0
PWY0-1296	0.0	27.79856115107910	0.0	20.876574307304800	0.0	0.0	0.0	0.0	0.0	0.0	0.0	0.0	0.0	0.0	0.0	0.0	0.0	0.0	8.4	0.0	0.0	0.0	0.0	0.0	6.000000000000000	0.0	0.0
PWY0-1297	88.38499184339320	20.444444444444400	0.0	22.671885349551400	78.84196515366780	141.57696384393800	43.03593657217010	0.0	245.53055144987400	86.31465910242120	281.3685641275690	147.22226029744400	121.93706457688800	27.41792874244670	0.0	24.298782665151800	71.7715178440658	156.73159562024300	7.200000000000000	0.0	0.0	38.097265990971800	0.0	0.0	0.0	0.0	0.0
PWY0-1298	91.96681053728230	46.0	25.0	42.081545064377700	225.4973821989530	176.12240424293000	81.70812883112500	8.0	320.41505768715800	324.35358611238000	355.27608732048400	222.85531579982900	187.3141008066180	208.62945230704500	51.0	42.07422680412370	132.5951496297370	368.0195238041090	6.000000000000000	12.000000000000000	57.0	27.982864137086900	1.0	0.0	7.058823529411770	0.0	0.0
PWY0-1319	128.4	52.57142857142860	28.57142857142860	63.47788832294000	283.20000000000000	252.34008097166000	116.22079439252300	9.142857142857140	456.0198046663050	420.10441700505500	492.7386653082020	303.3396303901440	246.09717358679300	256.22878932316500	61.20000000000000	59.1520979020979	187.46724890829700	463.3562108559500	6.857142857142860	13.714285714285700	68.4	55.20000000000000	1.2	0.0	14.117647058823500	0.0	0.0
PWY0-1415	0.0	0.0	0.0	0.0	0.0	0.0	0.0	0.0	28.505115842494100	20.195813486521800	0.0	49.694714938612300	0.0	17.050420506217100	0.0	0.0	0.0	0.0	0.0	0.0	0.0	0.0	0.0	0.0	0.0	0.0	0.0
PWY0-1479	0.0	0.0	0.0	0.0	0.0	0.0	0.0	0.0	93.14343845371310	68.85245901639340	0.0	0.0	0.0	0.0	0.0	0.0	0.0	0.0	0.0	0.0	0.0	0.0	0.0	0.0	0.0	0.0	0.0
PWY0-1586	164.86266094420600	42.869565217391300	25.0	65.28985507246380	358.10224948875300	290.93622141997600	120.21652421652400	0.0	561.0399492707670	488.90052356021000	577.5464824120600	366.9669421487600	298.70066788099600	314.49760765550200	76.5	59.63739376770540	192.35106382978700	573.6015574302400	8.0	0.0	85.5	71.75119617224880	1.5	0.0	0.0	0.0	0.0
PWY0-162	167.89403362161100	47.554054054054100	28.125	59.625	265.5	241.93648465436400	110.34525215044700	9.0	430.56221973094200	392.7272727272730	465.19221661090500	286.57666345226600	234.06078527435600	240.75000000000000	57.375	56.531250000000000	178.32325724861200	435.6449425654120	0.0	13.5	64.125	54.13259668508290	1.125	0.0	13.5	0.0	0.0
PWY0-166	98.87850910398650	45.07204610951010	26.31578947368420	54.16368112403180	0.0	87.76384037127180	63.02345313609830	8.421052631578950	108.27157492791000	132.63503112241500	134.66819731412600	100.67807502742100	42.32482962948180	43.52813340558830	0.0	34.2096283830403	103.89165438499500	26.312596677744000	0.0	12.631578947368400	0.0	0.0	0.0	0.0	10.434782608695700	0.0	0.0
PWY0-781	127.04688010313000	0.0	0.0	42.33604968005810	0.0	157.4481732150770	88.64062960185660	0.0	175.06878069929000	248.67963682942100	270.2356373843090	94.3507540534157	100.39650036795400	54.02486928236130	0.0	46.71251252973970	144.7745521771640	78.23961608068440	0.0	0.0	0.0	0.0	0.0	0.0	0.0	0.0	0.0
PWY0-862	0.0	53.60278910358680	33.333333333333300	61.68502875769880	0.0	0.0	0.0	8.727272727272730	14.887737656969400	11.91850428853600	0.0	0.0	0.0	0.0	0.0	0.0	0.0	0.0	0.0	13.090909090909100	0.0	0.0	0.0	0.0	10.046511627907000	0.0	0.0
PWY1G-0	115.09126466753600	0.0	0.0	17.77777777777780	236.0	215.45855379188700	98.5	0.0	371.5	343.0	423.50913440626400	254.0	210.80018628095600	214.0	51.0	50.25000000000000	159.0	391.70379436964500	0.0	0.0	57.0	49.48484848484850	1.0	0.0	0.0	0.0	0.0
PWY490-3	0.0	22.307448494453300	0.0	0.0	0.0	0.0	0.0	0.0	0.0	0.0	0.0	0.0	0.0	0.0	0.0	0.0	0.0	0.0	0.0	0.0	0.0	0.0	0.0	0.0	0.0	0.0	0.0
PWY4FS-7	0.0	24.716417910447800	0.0	47.80340621555170	0.0	0.0	0.0	0.0	55.82520258646730	39.74825737755900	0.0	0.0	0.0	0.0	0.0	0.0	0.0	0.0	6.545454545454550	0.0	0.0	0.0	0.0	0.0	9.729729729729730	0.0	0.0
PWY4FS-8	0.0	24.716417910447800	0.0	47.803406215551700	0.0	0.0	0.0	0.0	55.82520258646730	39.74825737755910	0.0	0.0	0.0	0.0	0.0	0.0	0.0	0.0	6.545454545454550	0.0	0.0	0.0	0.0	0.0	9.729729729729730	0.0	0.0
PWYG-321	0.0	0.0	0.0	0.0	0.0	0.0	0.0	0.0	18.008364189981900	16.79872952400280	0.0	0.0	0.0	0.0	0.0	0.0	0.0	0.0	0.0	0.0	0.0	0.0	0.0	0.0	0.0	0.0	0.0
PYRIDNUCSAL-PWY	114.1865671641790	0.0	0.0	24.57971014492750	236.0	206.08969696969700	91.82655826558270	0.0	376.433598937583	331.57894736842100	405.36128236744800	254.0	205.75000000000000	214.00000000000000	51.0	50.25	151.12871287128700	386.50000000000000	0.0	0.0	57.0	46.0	1.0	0.0	0.0	0.0	0.0
PYRIDNUCSYN-PWY	118.98133748056000	0.0	0.0	21.42291410624060	236.0	199.41194173588500	88.24746657306480	0.0	368.1848228450560	343.70988446726600	398.39156139541400	235.6500039873470	203.72316241475100	209.57437267949700	51.0	44.14800798227880	142.41344502365400	382.08744161909700	0.0	0.0	57.0	46.0	1.0	0.0	7.500000000000000	0.0	0.0
REDCITCYC	0.0	0.0	0.0	34.868080209575700	0.0	73.56008972187290	66.09607367951410	0.0	156.22857663058700	164.23625969388300	373.7236669783970	122.4677374305210	51.180476093802600	13.697435347137400	0.0	32.60929666257690	97.67577862106910	162.24136139119700	0.0	0.0	0.0	0.0	0.0	0.0	0.0	0.0	0.0
RHAMCAT-PWY	38.04878048780490	0.0	0.0	16.0	17.0	41.333333333333300	0.0	0.0	63.0	0.0	74.78666666666670	35.50877192982460	35.368421052631600	0.0	0.0	0.0	0.0	35.75	0.0	0.0	0.0	33.333333333333300	0.0	0.0	0.0	0.0	0.0
RIBOSYN2-PWY	131.3980014348880	37.96116504854370	25.0	54.690927218345000	258.1598038425350	229.59339928051500	106.92918001609500	8.0	414.44817084175500	382.37612995310300	450.0319630836110	276.6886722971650	224.1150431576520	234.3758698663140	55.97560975609760	54.4702846685117	172.526592409335	423.2181826985160	0.0	12.000000000000000	62.5609756097561	48.816732063789200	1.0975609756097600	0.0	12.000000000000000	0.0	0.0
RUMP-PWY	97.52834782558870	0.0	0.0	0.0	0.0	0.0	0.0	0.0	0.0	0.0	0.0	0.0	0.0	0.0	0.0	0.0	0.0	0.0	0.0	0.0	0.0	0.0	0.0	0.0	0.0	0.0	0.0
SALVADEHYPOX-PWY	78.35450027609060	0.0	0.0	44.397905759162300	51.701030927835100	94.74750894026610	0.0	0.0	215.37242603517600	0.0	307.8616151720310	127.99374877905800	98.56882959369320	0.0	0.0	0.0	0.0	165.93792246453000	0.0	0.0	0.0	56.70926517571890	0.0	0.0	0.0	0.0	0.0
SER-GLYSYN-PWY	171.90319457889600	0.0	0.0	23.42705570291780	286.19772318753700	245.16645807259100	110.63520000000000	0.0	483.3873886873530	396.38554216867500	488.933054663765	295.44766227248000	240.0582713386450	243.7384196185290	58.28571428571430	56.31190476190480	178.4597014925370	450.6586483634050	0.0	0.0	65.14285714285720	55.35593220338980	1.1428571428571400	0.0	8.000000000000000	0.0	0.0
SO4ASSIM-PWY	49.844392538737400	0.0	0.0	19.692307692307700	32.257286432160800	55.998164768231800	0.0	0.0	112.28030665288700	27.184466019417500	126.24268209528900	49.9201562207042	50.718258766626400	0.0	0.0	0.0	0.0	62.117720829785700	0.0	0.0	0.0	36.26929038344900	0.0	0.0	0.0	0.0	0.0
SULFATE-CYS-PWY	69.06466851140480	0.0	0.0	22.709895234377500	0.0	66.22517640823030	0.0	0.0	87.89468259788220	48.92135574018130	108.01737776273600	70.06588418664950	34.35475731149660	0.0	0.0	0.0	0.0	22.220039698551900	0.0	0.0	0.0	0.0	0.0	0.0	0.0	0.0	0.0
TCA	216.25247997442600	0.0	0.0	31.360625072423000	394.26050166213400	337.9473642834540	152.65047163482600	0.0	625.7695525167270	570.1510365518650	672.4444192325640	412.1604394122760	336.91652118703100	353.7585407145500	85.39534883720930	77.04471969020270	245.58015337235900	643.6149155383620	0.0	0.0	95.44186046511630	73.21148135928740	1.6744186046511600	0.0	9.113924050632910	0.0	0.0
TCA-GLYOX-BYPASS	86.74046037646720	0.0	0.0	25.893862079020300	65.6442159890289	128.8925570814370	62.71693099177350	0.0	227.2146245938070	127.51155915706600	261.8816559348750	97.12533816209350	95.60321057221680	17.2459160422453	0.0	33.650150173224700	103.17093092548700	124.34479695930600	0.0	0.0	0.0	48.9946597740266	0.0	0.0	0.0	0.0	0.0
THISYN-PWY	0.0	39.45035673961610	25.42372881355930	26.588948782096400	0.0	0.0	0.0	9.795918367346940	0.0	0.0	0.0	0.0	0.0	0.0	0.0	0.0	0.0	0.0	0.0	14.693877551020400	0.0	0.0	0.0	0.0	9.152542372881360	0.0	0.0
THRESYN-PWY	145.37799307209000	46.0	25.000000000000000	55.13065326633170	257.45454545454500	230.01808318264000	106.27100409836100	8.0	414.8249261811020	380.0	448.79396295449300	275.68409176382100	223.9604312485890	232.94791666666700	55.63636363636360	54.13504577822990	171.46462715105200	421.3618607954550	6.000000000000000	12.000000000000000	62.18181818181820	50.18181818181820	1.0909090909090900	0.0	12.000000000000000	0.0	0.0
TRNA-CHARGING-PWY	0.0	45.87150837988830	26.250000000000000	53.71136950188020	0.0	0.0	0.0	8.4	85.21868200916530	62.3237161646121	0.0	119.86866781115400	0.0	50.33472278449550	0.0	0.0	0.0	0.0	0.0	12.600000000000000	0.0	0.0	0.0	0.0	11.36842105263160	0.0	0.0
TRPSYN-PWY	148.9930151338770	40.1025641025641	27.777777777777800	57.74818401937050	236.0	221.4355221550180	105.83678653978300	8.88888888888889	393.1259574392470	356.4814814814820	427.0080505779330	258.7402799377920	211.49117576913900	216.3821892393320	51.0	56.94696282864910	173.5030777839960	389.7813223565730	0.0	13.333333333333300	57.0	46.0	1.0	0.0	13.333333333333300	0.0	0.0
TYRFUMCAT-PWY	0.0	0.0	0.0	18.048780487804900	0.0	0.0	0.0	0.0	21.5228378884313	0.0	0.0	27.21199233537410	0.0	0.0	0.0	0.0	0.0	0.0	0.0	0.0	0.0	0.0	0.0	0.0	0.0	0.0	0.0
UBISYN-PWY	0.0	0.0	0.0	0.0	0.0	0.0	0.0	0.0	15.342020803526500	9.29203539823009	0.0	0.0	0.0	0.0	0.0	0.0	0.0	0.0	0.0	0.0	0.0	0.0	0.0	0.0	0.0	0.0	0.0
UDPNAGSYN-PWY	158.88888888888900	46.0	25.0	55.5775075987842	262.22222222222200	233.9955849889630	107.97470331043100	8.0	422.2009767092410	388.31005266773500	456.7104160848920	280.4729109274560	227.9963108536750	237.1474019088020	56.666666666666700	54.98527588344700	174.1958041958040	429.10277737595800	6.000000000000000	12.000000000000000	63.333333333333300	51.11111111111110	1.1111111111111100	0.0	12.000000000000000	0.0	0.0
VALSYN-PWY	212.03369530501400	46.48073154800780	30.769230769230800	74.62837551131250	300.75762823612200	308.64194391325700	121.97613019891500	9.142857142857140	501.11507899407300	435.7615894039740	567.3832855376	355.55756029916900	291.685743374572	269.3097189373520	63.75	62.14702702702700	196.8162162162160	511.2897543540230	0.0	13.714285714285700	71.25000000000000	90.61821404830490	1.25	0.0	13.714285714285700	0.0	0.0